Workbook

Sheet Sheet1
A1: Part | B1: Part name | C1: Part number | D1: URL | E1: Unit price | F1: Price for 10 | G1: Item description | H1: Notes
A2: Teensy header | B2: 3883 | C2: 1528-3883-ND | D2: https://www.digikey.com/en/products/detail/adafruit-industries-llc/3883/11201426 | E2: 1.25 | F2: 12.5 | G2: ITSYBITSY / TEENSY HEADER KIT — Connector Kit Rectangular - Receptacle | H2: No qty-10 price break; Price for 10 = 10x unit price
A3: Vert Fem PCB 2 pins | B3: 350422-1 | C3: A14367-ND | D3: https://www.digikey.com/en/products/detail/te-connectivity-amp-connectors/350422-1/213833 | E3: 1.01 | F3: 8.56 | G3: CONN HEADER VERT 2POS 5.08MM
A4: Vert Fem Wire 2 pins | B4: 1-480318-0 | C4: A1411-ND | D4: https://www.digikey.com/en/products/detail/te-connectivity-amp-connectors/1-480318-0/15664 | E4: 0.32 | F4: 2.76 | G4: CONN PLUG HSG 2POS 5.08MM
A5: Vert Fem 4 pin PCB | B5: RS1-04-G | C5: 2057-RS1-04-G-ND | D5: https://www.digikey.com/en/products/detail/adam-tech/RS1-04-G/9829303 | E5: 0.3 | F5: 2.55 | G5: RECEPTACLE STRIP 4P 2.54MM PITCH
A6: Vert Fem 6 pin PCB | B6: RS1-06-G | C6: 2057-RS1-06-G-ND | D6: https://www.digikey.com/en/products/detail/adam-tech/RS1-06-G/9832050 | E6: 0.38 | F6: 3.24 | G6: RECEPTACLE STRIP 6P 2.54MM PITCH
A7: Vert Fem 5 pin PCB | B7: RS1-05-G | C7: 2057-RS1-05-G-ND | D7: https://www.digikey.com/en/products/detail/adam-tech/RS1-05-G/9832046 | E7: 0.37 | F7: 3.14 | G7: RECEPTACLE STRIP 5P 2.54MM PITCH
A8: Vert Fem 7 pin PCB | B8: RS1-07-G | C8: 2057-RS1-07-G-ND | D8: https://www.digikey.com/en/products/detail/adam-tech/RS1-07-G/9832045 | E8: 0.43 | F8: 3.66 | G8: RECEPTACLE STRIP 7P 2.54MM PITCH
A9: Driver Mount PCB | B9: PA0186 | C9: PA0186-ND | D9: https://www.digikey.com/en/products/detail/chip-quik-inc/PA0186/5014834 | E9: 5.29 | F9: 52.9 | G9: TO-263-7 DDPAK/D2PAK TO DIP-14 — SMD to DIP adapter board | H9: No qty-10 price break; Price for 10 = 10x unit price
A10: Driver LED | B10: TL4242QKTTRQ1 | C10: 296-34911-1-ND (Cut Tape) | D10: https://www.digikey.com/en/products/detail/texas-instruments/TL4242QKTTRQ1/3615466 | E10: 5.05 | F10: 38.47 | G10: IC LED DRVR LINEAR 500MA DDPAK-7
A11: R 220 | B11: CFM14JT220R | C11: S220QCT-ND (Cut Tape) | D11: https://www.digikey.com/en/products/detail/stackpole-electronics-inc/CFM14JT220R/1742139 | E11: 0.1 | F11: 0.3 | G11: RES 220 OHM 5% 1/4W AXIAL
A12: R 0.3 | B12: KNP100JR-73-0R3 | C12: 13-KNP100JR-73-0R3CT-ND - Cut Tape (CT) | D12: https://www.digikey.com/en/products/detail/yageo/KNP100JR-73-0R3/2058757 | E12: 0.29 | F12: 1.83 | G12: RES 0.3 OHM 5% 1W AXIAL
A13: R 0.2 | B13: KNP100JR-52-0R2 | C13: 13-KNP100JR-52-0R2CT-ND (Cut Tape) | D13: https://www.digikey.com/en/products/detail/yageo/KNP100JR-52-0R2/2058739 | E13: 0.29 | F13: 1.83 | G13: RES 0.2 OHM 5% 1W AXIAL
A14: capacitor 474 | B14: TAP474K050BRS | C14: TAP474K050BRS-ND | D14: https://www.digikey.com/en/products/detail/kyocera-avx/TAP474K050BRS/1471927 | E14: 0.22355 | F14: 2.24 | G14: CAP TANT 0.47UF 10% 50V RADIAL | H14: Not normally stocked; min order qty 3,000 at $0.22355 ea ($670.65). No qty-1 or qty-10 price break exists. In-stock substitute available: TAP474K050SCS, $0.72 ea, DK# 478-1901-ND
A15: screw term 2 pins | B15: TB002-500-02BE | C15: 102-6145-ND | D15: https://www.digikey.com/en/products/detail/same-sky-formerly-cui-devices/TB002-500-02BE/10064069 | E15: 0.32 | F15: 2.42 | G15: TERMINAL BLOCK, SCREW TYPE, 5.00MM
A16: wire | B16: AWG28-9/G/300 | C16: AE09G-300-ND | D16: https://www.digikey.com/en/products/detail/assmann-wsw-components/AWG28-9-G-300/655767 | E16: 0.66 | F16: 4.79 | G16: CBL RIBN 9COND 0.05 GRAY 300' (sold per foot; price shown is per-foot) | H16: Unit price & price-for-10 are per foot, not per unit
A17: project box | B17: BC-CGS-141709 | C17: 2371-BC-CGS-141709-ND | D17: https://www.digikey.com/en/products/detail/industrialemart/BC-CGS-141709/13419797 | E17: 28.67 | F17: 286.7 | G17: BOX PLAS LGT GRY 6.69"L X 5.51"W X 3.74"H, Lift-Off Screw Cover, IP66/IP67 | H17: DigiKey Marketplace item (ships from IndustrialeMart, +$9.99 flat shipping); no qty-10 price break, Price for 10 = 10x unit price

Sheet Sheet2
A1: Part | B1: Number needed (per PCB) | C1: Total qty - 1 PCB | D1: Total qty - 2 PCBs | E1: Total qty - 3 PCBs | F1: Unit price (qty 1) | G1: Bulk unit price (qty 10+) | H1: Cost - 1 PCB | I1: Cost - 2 PCBs | J1: Cost - 3 PCBs
A2: Teensy header | B2: 1 | C2: =B2*1 -> 1 | D2: =B2*2 -> 2 | E2: =B2*3 -> 3 | F2: =INDEX(Sheet1!$E$2:$E$17,MATCH(A2,Sheet1!$A$2:$A$17,0)) -> 1.25 | G2: =INDEX(Sheet1!$F$2:$F$17,MATCH(A2,Sheet1!$A$2:$A$17,0))/10 -> 1.25 | H2: =IF(C2>=10,C2*$G2,C2*$F2) -> 1.25 | I2: =IF(D2>=10,D2*$G2,D2*$F2) -> 2.5 | J2: =IF(E2>=10,E2*$G2,E2*$F2) -> 3.75
A3: Vert Fem PCB 2 pins | B3: 4 | C3: =B3*1 -> 4 | D3: =B3*2 -> 8 | E3: =B3*3 -> 12 | F3: =INDEX(Sheet1!$E$2:$E$17,MATCH(A3,Sheet1!$A$2:$A$17,0)) -> 1.01 | G3: =INDEX(Sheet1!$F$2:$F$17,MATCH(A3,Sheet1!$A$2:$A$17,0))/10 -> 0.856 | H3: =IF(C3>=10,C3*$G3,C3*$F3) -> 4.04 | I3: =IF(D3>=10,D3*$G3,D3*$F3) -> 8.08 | J3: =IF(E3>=10,E3*$G3,E3*$F3) -> 10.272
A4: Vert Fem Wire 2 pins | B4: 4 | C4: =B4*1 -> 4 | D4: =B4*2 -> 8 | E4: =B4*3 -> 12 | F4: =INDEX(Sheet1!$E$2:$E$17,MATCH(A4,Sheet1!$A$2:$A$17,0)) -> 0.32 | G4: =INDEX(Sheet1!$F$2:$F$17,MATCH(A4,Sheet1!$A$2:$A$17,0))/10 -> 0.276 | H4: =IF(C4>=10,C4*$G4,C4*$F4) -> 1.28 | I4: =IF(D4>=10,D4*$G4,D4*$F4) -> 2.56 | J4: =IF(E4>=10,E4*$G4,E4*$F4) -> 3.312
A5: Vert Fem 4 pin PCB | B5: 3 | C5: =B5*1 -> 3 | D5: =B5*2 -> 6 | E5: =B5*3 -> 9 | F5: =INDEX(Sheet1!$E$2:$E$17,MATCH(A5,Sheet1!$A$2:$A$17,0)) -> 0.3 | G5: =INDEX(Sheet1!$F$2:$F$17,MATCH(A5,Sheet1!$A$2:$A$17,0))/10 -> 0.255 | H5: =IF(C5>=10,C5*$G5,C5*$F5) -> 0.9 | I5: =IF(D5>=10,D5*$G5,D5*$F5) -> 1.8 | J5: =IF(E5>=10,E5*$G5,E5*$F5) -> 2.7
A6: Vert Fem 6 pin PCB | B6: 0 | C6: =B6*1 -> 0 | D6: =B6*2 -> 0 | E6: =B6*3 -> 0 | F6: =INDEX(Sheet1!$E$2:$E$17,MATCH(A6,Sheet1!$A$2:$A$17,0)) -> 0.38 | G6: =INDEX(Sheet1!$F$2:$F$17,MATCH(A6,Sheet1!$A$2:$A$17,0))/10 -> 0.324 | H6: =IF(C6>=10,C6*$G6,C6*$F6) -> 0 | I6: =IF(D6>=10,D6*$G6,D6*$F6) -> 0 | J6: =IF(E6>=10,E6*$G6,E6*$F6) -> 0
A7: Vert Fem 5 pin PCB | B7: 3 | C7: =B7*1 -> 3 | D7: =B7*2 -> 6 | E7: =B7*3 -> 9 | F7: =INDEX(Sheet1!$E$2:$E$17,MATCH(A7,Sheet1!$A$2:$A$17,0)) -> 0.37 | G7: =INDEX(Sheet1!$F$2:$F$17,MATCH(A7,Sheet1!$A$2:$A$17,0))/10 -> 0.314 | H7: =IF(C7>=10,C7*$G7,C7*$F7) -> 1.11 | I7: =IF(D7>=10,D7*$G7,D7*$F7) -> 2.22 | J7: =IF(E7>=10,E7*$G7,E7*$F7) -> 3.33
A8: Vert Fem 7 pin PCB | B8: 12 | C8: =B8*1 -> 12 | D8: =B8*2 -> 24 | E8: =B8*3 -> 36 | F8: =INDEX(Sheet1!$E$2:$E$17,MATCH(A8,Sheet1!$A$2:$A$17,0)) -> 0.43 | G8: =INDEX(Sheet1!$F$2:$F$17,MATCH(A8,Sheet1!$A$2:$A$17,0))/10 -> 0.366 | H8: =IF(C8>=10,C8*$G8,C8*$F8) -> 4.392 | I8: =IF(D8>=10,D8*$G8,D8*$F8) -> 8.784 | J8: =IF(E8>=10,E8*$G8,E8*$F8) -> 13.176
A9: Driver Mount PCB | B9: 6 | C9: =B9*1 -> 6 | D9: =B9*2 -> 12 | E9: =B9*3 -> 18 | F9: =INDEX(Sheet1!$E$2:$E$17,MATCH(A9,Sheet1!$A$2:$A$17,0)) -> 5.29 | G9: =INDEX(Sheet1!$F$2:$F$17,MATCH(A9,Sheet1!$A$2:$A$17,0))/10 -> 5.29 | H9: =IF(C9>=10,C9*$G9,C9*$F9) -> 31.74 | I9: =IF(D9>=10,D9*$G9,D9*$F9) -> 63.48 | J9: =IF(E9>=10,E9*$G9,E9*$F9) -> 95.22
A10: Driver LED | B10: 6 | C10: =B10*1 -> 6 | D10: =B10*2 -> 12 | E10: =B10*3 -> 18 | F10: =INDEX(Sheet1!$E$2:$E$17,MATCH(A10,Sheet1!$A$2:$A$17,0)) -> 5.05 | G10: =INDEX(Sheet1!$F$2:$F$17,MATCH(A10,Sheet1!$A$2:$A$17,0))/10 -> 3.847 | H10: =IF(C10>=10,C10*$G10,C10*$F10) -> 30.3 | I10: =IF(D10>=10,D10*$G10,D10*$F10) -> 46.164 | J10: =IF(E10>=10,E10*$G10,E10*$F10) -> 69.246
A11: R 220 | B11: 6 | C11: =B11*1 -> 6 | D11: =B11*2 -> 12 | E11: =B11*3 -> 18 | F11: =INDEX(Sheet1!$E$2:$E$17,MATCH(A11,Sheet1!$A$2:$A$17,0)) -> 0.1 | G11: =INDEX(Sheet1!$F$2:$F$17,MATCH(A11,Sheet1!$A$2:$A$17,0))/10 -> 0.03 | H11: =IF(C11>=10,C11*$G11,C11*$F11) -> 0.6 | I11: =IF(D11>=10,D11*$G11,D11*$F11) -> 0.36 | J11: =IF(E11>=10,E11*$G11,E11*$F11) -> 0.54
A12: R 0.3 | B12: 6 | C12: =B12*1 -> 6 | D12: =B12*2 -> 12 | E12: =B12*3 -> 18 | F12: =INDEX(Sheet1!$E$2:$E$17,MATCH(A12,Sheet1!$A$2:$A$17,0)) -> 0.29 | G12: =INDEX(Sheet1!$F$2:$F$17,MATCH(A12,Sheet1!$A$2:$A$17,0))/10 -> 0.183 | H12: =IF(C12>=10,C12*$G12,C12*$F12) -> 1.74 | I12: =IF(D12>=10,D12*$G12,D12*$F12) -> 2.196 | J12: =IF(E12>=10,E12*$G12,E12*$F12) -> 3.294
A13: capacitor 474 | B13: 6 | C13: =B13*1 -> 6 | D13: =B13*2 -> 12 | E13: =B13*3 -> 18 | F13: =INDEX(Sheet1!$E$2:$E$17,MATCH(A13,Sheet1!$A$2:$A$17,0)) -> 0.22355 | G13: =INDEX(Sheet1!$F$2:$F$17,MATCH(A13,Sheet1!$A$2:$A$17,0))/10 -> 0.224 | H13: =IF(C13>=10,C13*$G13,C13*$F13) -> 1.3413 | I13: =IF(D13>=10,D13*$G13,D13*$F13) -> 2.688 | J13: =IF(E13>=10,E13*$G13,E13*$F13) -> 4.032
... A16: project box | B16: 1 | C16: =B16*1 -> 1 | D16: =B16*2 -> 2 | E16: =B16*3 -> 3 | F16: =INDEX(Sheet1!$E$2:$E$17,MATCH(A16,Sheet1!$A$2:$A$17,0)) -> 28.67 | G16: =INDEX(Sheet1!$F$2:$F$17,MATCH(A16,Sheet1!$A$2:$A$17,0))/10 -> 28.67 | H16: =IF(C16>=10,C16*$G16,C16*$F16) -> 28.67 | I16: =IF(D16>=10,D16*$G16,D16*$F16) -> 57.34 | J16: =IF(E16>=10,E16*$G16,E16*$F16) -> 86.01
B18: TOTAL PCB COST | H18: =SUM(H2:H16) -> 113.6333 | I18: =SUM(I2:I16) -> 210.712 | J18: =SUM(J2:J16) -> 311.52
A19: Note: when total quantity needed for a build reaches 10+, the cost uses DigiKey's qty-10 bulk unit price instead of the qty-1 price.

Sheet Sheet3
A1: Part | B1: Number needed (per PCB) | C1: Total qty - 1 PCB | D1: Total qty - 2 PCBs | E1: Total qty - 3 PCBs | F1: Unit price (qty 1) | G1: Bulk unit price (qty 10+) | H1: Cost - 1 PCB | I1: Cost - 2 PCBs | J1: Cost - 3 PCBs
A2: Teensy header | B2: 1 | C2: =B2*1 -> 1 | D2: =B2*2 -> 2 | E2: =B2*3 -> 3 | F2: =INDEX(Sheet1!$E$2:$E$17,MATCH(A2,Sheet1!$A$2:$A$17,0)) -> 1.25 | G2: =INDEX(Sheet1!$F$2:$F$17,MATCH(A2,Sheet1!$A$2:$A$17,0))/10 -> 1.25 | H2: =IF(C2>=10,C2*$G2,C2*$F2) -> 1.25 | I2: =IF(D2>=10,D2*$G2,D2*$F2) -> 2.5 | J2: =IF(E2>=10,E2*$G2,E2*$F2) -> 3.75
A3: Vert Fem PCB 2 pins | B3: 4 | C3: =B3*1 -> 4 | D3: =B3*2 -> 8 | E3: =B3*3 -> 12 | F3: =INDEX(Sheet1!$E$2:$E$17,MATCH(A3,Sheet1!$A$2:$A$17,0)) -> 1.01 | G3: =INDEX(Sheet1!$F$2:$F$17,MATCH(A3,Sheet1!$A$2:$A$17,0))/10 -> 0.856 | H3: =IF(C3>=10,C3*$G3,C3*$F3) -> 4.04 | I3: =IF(D3>=10,D3*$G3,D3*$F3) -> 8.08 | J3: =IF(E3>=10,E3*$G3,E3*$F3) -> 10.272
A4: Vert Fem Wire 2 pins | B4: 4 | C4: =B4*1 -> 4 | D4: =B4*2 -> 8 | E4: =B4*3 -> 12 | F4: =INDEX(Sheet1!$E$2:$E$17,MATCH(A4,Sheet1!$A$2:$A$17,0)) -> 0.32 | G4: =INDEX(Sheet1!$F$2:$F$17,MATCH(A4,Sheet1!$A$2:$A$17,0))/10 -> 0.276 | H4: =IF(C4>=10,C4*$G4,C4*$F4) -> 1.28 | I4: =IF(D4>=10,D4*$G4,D4*$F4) -> 2.56 | J4: =IF(E4>=10,E4*$G4,E4*$F4) -> 3.312
A5: Vert Fem 4 pin PCB | B5: 3 | C5: =B5*1 -> 3 | D5: =B5*2 -> 6 | E5: =B5*3 -> 9 | F5: =INDEX(Sheet1!$E$2:$E$17,MATCH(A5,Sheet1!$A$2:$A$17,0)) -> 0.3 | G5: =INDEX(Sheet1!$F$2:$F$17,MATCH(A5,Sheet1!$A$2:$A$17,0))/10 -> 0.255 | H5: =IF(C5>=10,C5*$G5,C5*$F5) -> 0.9 | I5: =IF(D5>=10,D5*$G5,D5*$F5) -> 1.8 | J5: =IF(E5>=10,E5*$G5,E5*$F5) -> 2.7
A6: Vert Fem 6 pin PCB | B6: 0 | C6: =B6*1 -> 0 | D6: =B6*2 -> 0 | E6: =B6*3 -> 0 | F6: =INDEX(Sheet1!$E$2:$E$17,MATCH(A6,Sheet1!$A$2:$A$17,0)) -> 0.38 | G6: =INDEX(Sheet1!$F$2:$F$17,MATCH(A6,Sheet1!$A$2:$A$17,0))/10 -> 0.324 | H6: =IF(C6>=10,C6*$G6,C6*$F6) -> 0 | I6: =IF(D6>=10,D6*$G6,D6*$F6) -> 0 | J6: =IF(E6>=10,E6*$G6,E6*$F6) -> 0
A7: Vert Fem 5 pin PCB | B7: 3 | C7: =B7*1 -> 3 | D7: =B7*2 -> 6 | E7: =B7*3 -> 9 | F7: =INDEX(Sheet1!$E$2:$E$17,MATCH(A7,Sheet1!$A$2:$A$17,0)) -> 0.37 | G7: =INDEX(Sheet1!$F$2:$F$17,MATCH(A7,Sheet1!$A$2:$A$17,0))/10 -> 0.314 | H7: =IF(C7>=10,C7*$G7,C7*$F7) -> 1.11 | I7: =IF(D7>=10,D7*$G7,D7*$F7) -> 2.22 | J7: =IF(E7>=10,E7*$G7,E7*$F7) -> 3.33
A8: Vert Fem 7 pin PCB | B8: 12 | C8: =B8*1 -> 12 | D8: =B8*2 -> 24 | E8: =B8*3 -> 36 | F8: =INDEX(Sheet1!$E$2:$E$17,MATCH(A8,Sheet1!$A$2:$A$17,0)) -> 0.43 | G8: =INDEX(Sheet1!$F$2:$F$17,MATCH(A8,Sheet1!$A$2:$A$17,0))/10 -> 0.366 | H8: =IF(C8>=10,C8*$G8,C8*$F8) -> 4.392 | I8: =IF(D8>=10,D8*$G8,D8*$F8) -> 8.784 | J8: =IF(E8>=10,E8*$G8,E8*$F8) -> 13.176
A9: Driver Mount PCB | B9: 6 | C9: =B9*1 -> 6 | D9: =B9*2 -> 12 | E9: =B9*3 -> 18 | F9: =INDEX(Sheet1!$E$2:$E$17,MATCH(A9,Sheet1!$A$2:$A$17,0)) -> 5.29 | G9: =INDEX(Sheet1!$F$2:$F$17,MATCH(A9,Sheet1!$A$2:$A$17,0))/10 -> 5.29 | H9: =IF(C9>=10,C9*$G9,C9*$F9) -> 31.74 | I9: =IF(D9>=10,D9*$G9,D9*$F9) -> 63.48 | J9: =IF(E9>=10,E9*$G9,E9*$F9) -> 95.22
A10: Driver LED | B10: 6 | C10: =B10*1 -> 6 | D10: =B10*2 -> 12 | E10: =B10*3 -> 18 | F10: =INDEX(Sheet1!$E$2:$E$17,MATCH(A10,Sheet1!$A$2:$A$17,0)) -> 5.05 | G10: =INDEX(Sheet1!$F$2:$F$17,MATCH(A10,Sheet1!$A$2:$A$17,0))/10 -> 3.847 | H10: =IF(C10>=10,C10*$G10,C10*$F10) -> 30.3 | I10: =IF(D10>=10,D10*$G10,D10*$F10) -> 46.164 | J10: =IF(E10>=10,E10*$G10,E10*$F10) -> 69.246
A11: R 220 | B11: 6 | C11: =B11*1 -> 6 | D11: =B11*2 -> 12 | E11: =B11*3 -> 18 | F11: =INDEX(Sheet1!$E$2:$E$17,MATCH(A11,Sheet1!$A$2:$A$17,0)) -> 0.1 | G11: =INDEX(Sheet1!$F$2:$F$17,MATCH(A11,Sheet1!$A$2:$A$17,0))/10 -> 0.03 | H11: =IF(C11>=10,C11*$G11,C11*$F11) -> 0.6 | I11: =IF(D11>=10,D11*$G11,D11*$F11) -> 0.36 | J11: =IF(E11>=10,E11*$G11,E11*$F11) -> 0.54
A12: R 0.3 | B12: 6 | C12: =B12*1 -> 6 | D12: =B12*2 -> 12 | E12: =B12*3 -> 18 | F12: =INDEX(Sheet1!$E$2:$E$17,MATCH(A12,Sheet1!$A$2:$A$17,0)) -> 0.29 | G12: =INDEX(Sheet1!$F$2:$F$17,MATCH(A12,Sheet1!$A$2:$A$17,0))/10 -> 0.183 | H12: =IF(C12>=10,C12*$G12,C12*$F12) -> 1.74 | I12: =IF(D12>=10,D12*$G12,D12*$F12) -> 2.196 | J12: =IF(E12>=10,E12*$G12,E12*$F12) -> 3.294
A13: capacitor 474 | B13: 6 | C13: =B13*1 -> 6 | D13: =B13*2 -> 12 | E13: =B13*3 -> 18 | F13: =INDEX(Sheet1!$E$2:$E$17,MATCH(A13,Sheet1!$A$2:$A$17,0)) -> 0.22355 | G13: =INDEX(Sheet1!$F$2:$F$17,MATCH(A13,Sheet1!$A$2:$A$17,0))/10 -> 0.224 | H13: =IF(C13>=10,C13*$G13,C13*$F13) -> 1.3413 | I13: =IF(D13>=10,D13*$G13,D13*$F13) -> 2.688 | J13: =IF(E13>=10,E13*$G13,E13*$F13) -> 4.032
A14: screw term 2 pins | B14: 15 | C14: =B14*1 -> 15 | D14: =B14*2 -> 30 | E14: =B14*3 -> 45 | F14: =INDEX(Sheet1!$E$2:$E$17,MATCH(A14,Sheet1!$A$2:$A$17,0)) -> 0.32 | G14: =INDEX(Sheet1!$F$2:$F$17,MATCH(A14,Sheet1!$A$2:$A$17,0))/10 -> 0.242 | H14: =IF(C14>=10,C14*$G14,C14*$F14) -> 3.63 | I14: =IF(D14>=10,D14*$G14,D14*$F14) -> 7.26 | J14: =IF(E14>=10,E14*$G14,E14*$F14) -> 10.89
A15: wire | B15: 4 | C15: 5 | D15: 5 | E15: 5 | F15: =INDEX(Sheet1!$E$2:$E$17,MATCH(A15,Sheet1!$A$2:$A$17,0)) -> 0.66 | G15: =INDEX(Sheet1!$F$2:$F$17,MATCH(A15,Sheet1!$A$2:$A$17,0))/10 -> 0.479 | H15: =IF(C15>=10,C15*$G15,C15*$F15) -> 3.3 | I15: =IF(D15>=10,D15*$G15,D15*$F15) -> 3.3 | J15: =IF(E15>=10,E15*$G15,E15*$F15) -> 3.3
B17: TOTAL PCB COST (no project box) | H17: =SUM(H2:H15) -> 85.6233 | I17: =SUM(I2:I15) -> 151.392 | J17: =SUM(J2:J15) -> 223.062
A18: Note: Project box excluded from this estimate. Wire quantity fixed at 5 (spool length) regardless of PCB count, not scaled per PCB. Bulk qty-10 pricing applies once total quantity needed reaches 10+.
